{"Z2+JZ9jsuSqT1kqMJ2DQLA==":"logo-sarah-2.png","YUp4OBIuIzzM5H6dq8rI1w==":"poulain-7.png","LhMcorMdfcu50JHyu0zYjQ==":"pictomobirise-sarah-plan-de-travail-1-copie-7.png","xNki6sNiDjawoHmwkuHr4g==":"wp-20180506-17-43-06-pro.jpg","nqaz3FjBJ9G1AI5Dj8JzDg==":"93709818-1148552355491115-1968023456058441728-o.jpg","y2qb/Es8XUrQXSqFnU9FRw==":"93709818-1148552355491115-1968023456058441728-o.jpeg","FEAw+iZ/x7dm5+5Z6+9+DQ==":"1-42.jpg","i/Xt6PcRkJSKNNPOMBiW7g==":"1-44.jpg","Am2J57KOpowFjqUmm+7S/w==":"1-43.jpg","mcElAOiclnCnGYV+mm64Yw==":"1-4.jpg","YHqHhGucTLtMgqjKxmG7Tw==":"mobirise-sarah-800x4806.jpg","nqsyZEx06zL5u6NKdHhhPg==":"mobirise-sarah-800x4804.jpg","NKf/D//Db8rvGxpniuTIOg==":"mobirise-sarah-800x4803.jpg","pLcrT6EiVfeYU+tBConL/Q==":"mobirise-sarah-800x4802.jpg","Ne5+RiuC1G67LLOmub6n9Q==":"mobirise-sarah-800x480.jpg","3PcRbc9cqP4btIpnp93IIw==":"a-longe-800x4807.jpg","JDZrKRQjtdwRIY31aC+bsQ==":"a-pre-1-800x4805.jpg","BpXf0OjTGy+HTzmikGc4+g==":"a-elevage-1-800x480.jpg","LgZn7Vz/L3hm0VhDmXSnjw==":"wp-20180506-17-43-06-pro-1.jpg","WlzL1+UL7upqlkTte66iJw==":"1-45-800x480.jpg","xwT/yXBfGwNmZaqonyQhJw==":"sarah.jpeg","QnKOV7m41r908yXQ6KuQEQ==":"imgp0764-800x600.jpeg","kaAoq6RQJm6Z1/ZqvRtQtA==":"background2-1.jpg","oKqG9KdxUu8oCTN3MqDWiQ==":"background6-1.jpg","gF5pffV8JjF1KRvNsLkTzw==":"mobirise-sarah-800x4806.jpeg","sBcTQBJMq+Js+7zJ73UajA==":"782fcee2-ddbc-4301-822b-fc907e593da3.jpg","5P/eIU/bvjgOPuc0avRg4Q==":"782fcee2-ddbc-4301-822b-fc907e593da3.jpeg","WISNIVkzS+394HvlVKQVgg==":"782fcee2-ddbc-4301-822b-fc907e593da3-1.jpeg","4/b5bwUUaBFyP+4LJvygFg==":"img-9485.jpeg","0m4mmAH+J81WFvW1u/THYA==":"img-9439.jpeg","+xuHcKTTq6wC0CCJLhBsOw==":"sarah-1.jpeg","5NOdf/tGM6sik7zZvxfscA==":"1-5.jpg","EdQ041BtG2i8e2dN8BTugA==":"logoequihome.png","q/oJMaJbjzuExFhRViDQng==":"34195448-170579790276996-6445522073249906688-n.jpeg","ct14nnWcwvuWW0cYDaD3qA==":"5b0fd47961b2f.jpg","GTpeUEmgsOn3J1YnFnA3Ig==":"5b0fd46a5142b.jpg","raYdxL3+NTSuj3+57kjpUA==":"pictomobirise-equihome.png","EDt7se3ulzv1Zquh7IY0jw==":"pictomobirise-equihome-1.png","e+lvoQ3ScAvguc6g9Mz34Q==":"31681598-162813797720262-1720367524282892288-o.jpg","b9pyuTAdiw4/yI61Tmi31A==":"31681598-162813797720262-1720367524282892288-o.jpeg","7l2numFkkc0yBJ0dUSCYHw==":"31681598-162813797720262-1720367524282892288-o-1.jpeg","z5hCJlYTnFJ8DUuvMYnRsA==":"31681598-162813797720262-1720367524282892288-o-2.jpeg","24tVVxhU4pDwxyO/SkVlMw==":"31681598-162813797720262-1720367524282892288-o-3.jpeg","oUB62nE64KjUxufi7lfQ5A==":"31681598-162813797720262-1720367524282892288-o-4.jpeg","Pz7TZp7Jn6Wt8XVOaUpPeg==":"31681598-162813797720262-1720367524282892288-o-5.jpeg","fkW7lIU5dY1sme0fisR0HA==":"31681598-162813797720262-1720367524282892288-o-6.jpeg","h4JA14jButKXM2qTVfihcw==":"5b0fd47961b2f.jpeg","GSfIxJTtTMduq2RBqmtO/g==":"5b0fd47961b2f-1.jpeg","6mtHUg9oyOuYxc2HFYFXGA==":"5d7a5cc888f95.jpg","ZYlP5i2Q8oOW3ffPcPV0fA==":"equihome-400x600.jpg","2LSSa7cenwwQ0SzKzOJEhA==":"equihome-400x6002.jpg","sn3BojorMqLh0a6Rbq9cvw==":"equihome-400x6003.jpg","v/Kx2nUN3kfxntJo38zafw==":"equihome-400x6004.jpg","31XbtUh/Mwik0RtVgxYETg==":"equihome-400x6005.jpg","Vs4os4EuIp5wv0r6tNT9ZA==":"equihome-400x6006.jpg","nkrwP5vP3Zl9vxMCW0aEYA==":"equihome-400x6007.jpg","wKnMJsOykVj/kAXOYtugSA==":"equihome-400x6008.jpg","cg8F6qtUc4weqFUTJKzG6w==":"equihome-chevaux.jpg","cI2YKtPmSta0Ua1INRWgYQ==":"equihome-chevaux2.jpg","0zrrzthEFticg6ozmSD1kQ==":"equihome-chevaux3.jpg","WyBFZPk5OP8ZFxz3NF8jZQ==":"equihome-chevaux4.jpg","gri6GYSxVEo/cxiUNmuJew==":"31818056-163281211006854-8578155386492682240-o.jpg"}